-- Data export from PostgreSQL to D1
-- Generated at: 2026-03-01T20:52:59.667346
-- WARNING: This will insert/update data in D1 database


-- users (30 rows)
INSERT OR IGNORE INTO users (id, email, password_hash, role, is_active, created_at, updated_at, phone, otp_hash, otp_expires_at, failed_otp_attempts, locked_until, last_device_info, is_verified, last_login, is_deleted) VALUES (4, 'staff@healthcare.com', '$2a$10$gQlGCMPqA5.tknAIJvH8huT0ibx1fVL3elqWIVI6fuG9FFuYizCFe', 'ADMIN', 1, '2026-02-08T20:31:39.475237', '2026-02-08T20:31:39.475237', NULL, NULL, NULL, 0, NULL, NULL, 0, NULL, 0);
INSERT OR IGNORE INTO users (id, email, password_hash, role, is_active, created_at, updated_at, phone, otp_hash, otp_expires_at, failed_otp_attempts, locked_until, last_device_info, is_verified, last_login, is_deleted) VALUES (6, 'doctor2@healthcare.com', '$2a$10$rYUqZXqZQmZJVGZP5X5X5.eZXqZXqZXqZXqZXqZXqZXqZXqZXqZXqZu', 'DOCTOR', 1, '2026-02-08T20:31:39.495316', '2026-02-08T20:31:39.495316', NULL, NULL, NULL, 0, NULL, NULL, 0, NULL, 0);
INSERT OR IGNORE INTO users (id, email, password_hash, role, is_active, created_at, updated_at, phone, otp_hash, otp_expires_at, failed_otp_attempts, locked_until, last_device_info, is_verified, last_login, is_deleted) VALUES (1, 'test@example.com', '$2a$10$zr1Bh9dlBn4uucPesQNaFusnY0xxKFj4cIlQ2omPqDww8vUCsClcC', 'PATIENT', 1, '2026-02-08T20:27:58.322457', '2026-02-08T20:27:58.322457', NULL, NULL, NULL, 0, NULL, NULL, 0, NULL, 0);
INSERT OR IGNORE INTO users (id, email, password_hash, role, is_active, created_at, updated_at, phone, otp_hash, otp_expires_at, failed_otp_attempts, locked_until, last_device_info, is_verified, last_login, is_deleted) VALUES (5, 'patient@healthcare.com', '$2a$10$buthZAmPXt4wiUhvi5aXPel5wcb55p.2OG0QEmgKbk7E3QVJcW8GG', 'PATIENT', 1, '2026-02-08T20:31:39.478572', '2026-02-08T20:31:39.478572', NULL, NULL, NULL, 0, NULL, NULL, 0, NULL, 0);
INSERT OR IGNORE INTO users (id, email, password_hash, role, is_active, created_at, updated_at, phone, otp_hash, otp_expires_at, failed_otp_attempts, locked_until, last_device_info, is_verified, last_login, is_deleted) VALUES (9, 'michael.chen@healthcare.com', '$2a$10$JzkkHf67sZbIkpsQfDORiuOWa9CDARRN2tkhdBuR4ZP6QbNGUbHPG', 'DOCTOR', 1, '2026-02-08T20:53:34.955672', '2026-02-08T20:53:34.955672', NULL, NULL, NULL, 0, NULL, NULL, 0, NULL, 0);
INSERT OR IGNORE INTO users (id, email, password_hash, role, is_active, created_at, updated_at, phone, otp_hash, otp_expires_at, failed_otp_attempts, locked_until, last_device_info, is_verified, last_login, is_deleted) VALUES (10, 'emily.williams@healthcare.com', '$2a$10$zqS.7B78eP2qTlfo76ItyOP9aBs7bMagpxbftxVb7aGmcEyaa//dC', 'DOCTOR', 1, '2026-02-08T20:53:34.955672', '2026-02-08T20:53:34.955672', NULL, NULL, NULL, 0, NULL, NULL, 0, NULL, 0);
INSERT OR IGNORE INTO users (id, email, password_hash, role, is_active, created_at, updated_at, phone, otp_hash, otp_expires_at, failed_otp_attempts, locked_until, last_device_info, is_verified, last_login, is_deleted) VALUES (11, 'david.brown@healthcare.com', '$2a$10$zod.o0dbR/lBmcwomcqgmeLPKhXT9STxh5iN7.Gw3qyIFPcYArfz6', 'DOCTOR', 1, '2026-02-08T20:53:34.955672', '2026-02-08T20:53:34.955672', NULL, NULL, NULL, 0, NULL, NULL, 0, NULL, 0);
INSERT OR IGNORE INTO users (id, email, password_hash, role, is_active, created_at, updated_at, phone, otp_hash, otp_expires_at, failed_otp_attempts, locked_until, last_device_info, is_verified, last_login, is_deleted) VALUES (12, 'lisa.martinez@healthcare.com', '$2a$10$G9sVe5WhDyb5X1X1qphu7uWJYnu3nXxH9MfjjabkxpECYWfH/AXEK', 'DOCTOR', 1, '2026-02-08T20:53:34.955672', '2026-02-08T20:53:34.955672', NULL, NULL, NULL, 0, NULL, NULL, 0, NULL, 0);
INSERT OR IGNORE INTO users (id, email, password_hash, role, is_active, created_at, updated_at, phone, otp_hash, otp_expires_at, failed_otp_attempts, locked_until, last_device_info, is_verified, last_login, is_deleted) VALUES (13, 'james.taylor@healthcare.com', '$2a$10$ThNVhRCAPSau0BmMCysVreBwXoOLAIpHXD03Ph9k.Uk3k4sfmd6cy', 'DOCTOR', 1, '2026-02-08T20:53:34.955672', '2026-02-08T20:53:34.955672', NULL, NULL, NULL, 0, NULL, NULL, 0, NULL, 0);
INSERT OR IGNORE INTO users (id, email, password_hash, role, is_active, created_at, updated_at, phone, otp_hash, otp_expires_at, failed_otp_attempts, locked_until, last_device_info, is_verified, last_login, is_deleted) VALUES (14, 'jennifer.davis@healthcare.com', '$2a$10$IuXDrgljDpt4RlZdqQwm.u2Zqz8wxQ.SWCA7dOpWTbUnyNQotaIVm', 'DOCTOR', 1, '2026-02-08T20:53:34.955672', '2026-02-08T20:53:34.955672', NULL, NULL, NULL, 0, NULL, NULL, 0, NULL, 0);
INSERT OR IGNORE INTO users (id, email, password_hash, role, is_active, created_at, updated_at, phone, otp_hash, otp_expires_at, failed_otp_attempts, locked_until, last_device_info, is_verified, last_login, is_deleted) VALUES (15, 'robert.anderson@healthcare.com', '$2a$10$dNEajJdAvXfjyfHLttphB.aCNkMhQTYA9eKlmWpaXbHeJNXugHYIq', 'DOCTOR', 1, '2026-02-08T20:53:34.955672', '2026-02-08T20:53:34.955672', NULL, NULL, NULL, 0, NULL, NULL, 0, NULL, 0);
INSERT OR IGNORE INTO users (id, email, password_hash, role, is_active, created_at, updated_at, phone, otp_hash, otp_expires_at, failed_otp_attempts, locked_until, last_device_info, is_verified, last_login, is_deleted) VALUES (16, 'maria.garcia@healthcare.com', '$2a$10$CDRO4lkCaoxZV/TALY8wYuPsF5OXuT2S0p84JBLTSuuGtGWrQVeQ6', 'DOCTOR', 1, '2026-02-08T20:53:34.955672', '2026-02-08T20:53:34.955672', NULL, NULL, NULL, 0, NULL, NULL, 0, NULL, 0);
INSERT OR IGNORE INTO users (id, email, password_hash, role, is_active, created_at, updated_at, phone, otp_hash, otp_expires_at, failed_otp_attempts, locked_until, last_device_info, is_verified, last_login, is_deleted) VALUES (17, 'william.miller@healthcare.com', '$2a$10$QmJYD0loAQWvcMVQkljyiefBlvhPL1nd5KceDitc9ileehBaLmj5S', 'DOCTOR', 1, '2026-02-08T20:53:34.955672', '2026-02-08T20:53:34.955672', NULL, NULL, NULL, 0, NULL, NULL, 0, NULL, 0);
INSERT OR IGNORE INTO users (id, email, password_hash, role, is_active, created_at, updated_at, phone, otp_hash, otp_expires_at, failed_otp_attempts, locked_until, last_device_info, is_verified, last_login, is_deleted) VALUES (18, 'patricia.wilson@healthcare.com', '$2a$10$y2eCURvH6ibaiIRZi2ffq.c5jUd4gS1rAjKKyQj4Dch0PaR534/G2', 'DOCTOR', 1, '2026-02-08T20:53:34.955672', '2026-02-08T20:53:34.955672', NULL, NULL, NULL, 0, NULL, NULL, 0, NULL, 0);
INSERT OR IGNORE INTO users (id, email, password_hash, role, is_active, created_at, updated_at, phone, otp_hash, otp_expires_at, failed_otp_attempts, locked_until, last_device_info, is_verified, last_login, is_deleted) VALUES (19, 'richard.moore@healthcare.com', '$2a$10$1ZsKrsEV8eG7agMRvqelxezotZLbRdGHHqLzDYwZfBBApfiutdC8G', 'DOCTOR', 1, '2026-02-08T20:53:34.955672', '2026-02-08T20:53:34.955672', NULL, NULL, NULL, 0, NULL, NULL, 0, NULL, 0);
INSERT OR IGNORE INTO users (id, email, password_hash, role, is_active, created_at, updated_at, phone, otp_hash, otp_expires_at, failed_otp_attempts, locked_until, last_device_info, is_verified, last_login, is_deleted) VALUES (20, 'linda.thomas@healthcare.com', '$2a$10$D5GMwRD0XhAOXrg9HdNgJOkK.gP4VydF7Uc6jbknUw5q6Bbh75QbG', 'DOCTOR', 1, '2026-02-08T20:53:34.955672', '2026-02-08T20:53:34.955672', NULL, NULL, NULL, 0, NULL, NULL, 0, NULL, 0);
INSERT OR IGNORE INTO users (id, email, password_hash, role, is_active, created_at, updated_at, phone, otp_hash, otp_expires_at, failed_otp_attempts, locked_until, last_device_info, is_verified, last_login, is_deleted) VALUES (21, 'christopher.jackson@healthcare.com', '$2a$10$s8SEbsjPHR5L50OO6H6sdOAm3Y2NxW8ACZyb7pcsyi7jrcl6IIpmq', 'DOCTOR', 1, '2026-02-08T20:53:34.955672', '2026-02-08T20:53:34.955672', NULL, NULL, NULL, 0, NULL, NULL, 0, NULL, 0);
INSERT OR IGNORE INTO users (id, email, password_hash, role, is_active, created_at, updated_at, phone, otp_hash, otp_expires_at, failed_otp_attempts, locked_until, last_device_info, is_verified, last_login, is_deleted) VALUES (2, 'admin@healthcare.com', '$2a$10$vSADuDyO/FVkkpw17F6lF.tcNT8Q1YHykLvwa7iIWNtSp3WKRIac6', 'ADMIN', 1, '2026-02-08T20:31:39.445206', '2026-03-01T15:18:01.140761', NULL, NULL, NULL, 0, NULL, NULL, 0, '2026-03-01T04:18:01.340613+00:00', 0);
INSERT OR IGNORE INTO users (id, email, password_hash, role, is_active, created_at, updated_at, phone, otp_hash, otp_expires_at, failed_otp_attempts, locked_until, last_device_info, is_verified, last_login, is_deleted) VALUES (3, 'doctor@healthcare.com', '$2a$10$Y/cJxYM3JvsdoeCsEX086eUUz/cuwRP3pe/oONEeCsJk0f5dC2wrO', 'DOCTOR', 1, '2026-02-08T20:31:39.452076', '2026-03-01T16:25:28.922187', NULL, NULL, NULL, 0, NULL, NULL, 0, '2026-03-01T05:25:28.993434+00:00', 0);
INSERT OR IGNORE INTO users (id, email, password_hash, role, is_active, created_at, updated_at, phone, otp_hash, otp_expires_at, failed_otp_attempts, locked_until, last_device_info, is_verified, last_login, is_deleted) VALUES (8, 'sarah.johnson@healthcare.com', '$2a$10$Rgq2PanKy1eXAbDsct7Dx.MH7n2W1szScLEBdR2fSwhgqeWcWrIGO', 'DOCTOR', 1, '2026-02-08T20:53:34.955672', '2026-03-01T16:35:37.834763', NULL, NULL, NULL, 0, NULL, NULL, 0, '2026-03-01T05:35:37.908165+00:00', 0);
INSERT OR IGNORE INTO users (id, email, password_hash, role, is_active, created_at, updated_at, phone, otp_hash, otp_expires_at, failed_otp_attempts, locked_until, last_device_info, is_verified, last_login, is_deleted) VALUES (22, 'barbara.white@healthcare.com', '$2a$10$SMUPMDKAwx2ekqsKV/G2t.pDS0H4UhS.dQB.i1UIl54cLGVnnCzoq', 'DOCTOR', 1, '2026-02-08T20:53:34.955672', '2026-02-08T20:53:34.955672', NULL, NULL, NULL, 0, NULL, NULL, 0, NULL, 0);
INSERT OR IGNORE INTO users (id, email, password_hash, role, is_active, created_at, updated_at, phone, otp_hash, otp_expires_at, failed_otp_attempts, locked_until, last_device_info, is_verified, last_login, is_deleted) VALUES (23, 'daniel.harris@healthcare.com', '$2a$10$eVwfwNZUyStE07rHH3xMKuDcVPqXwa0/i4bFB4jQFPmWmI7bunADC', 'DOCTOR', 1, '2026-02-08T20:53:34.955672', '2026-02-08T20:53:34.955672', NULL, NULL, NULL, 0, NULL, NULL, 0, NULL, 0);
INSERT OR IGNORE INTO users (id, email, password_hash, role, is_active, created_at, updated_at, phone, otp_hash, otp_expires_at, failed_otp_attempts, locked_until, last_device_info, is_verified, last_login, is_deleted) VALUES (24, 'susan.martin@healthcare.com', '$2a$10$6p.I5qcvgJ2wsQR27hW2C.D1yHKUsdS3Sdpt4bKukai1bX0woC96y', 'DOCTOR', 1, '2026-02-08T20:53:34.955672', '2026-02-08T20:53:34.955672', NULL, NULL, NULL, 0, NULL, NULL, 0, NULL, 0);
INSERT OR IGNORE INTO users (id, email, password_hash, role, is_active, created_at, updated_at, phone, otp_hash, otp_expires_at, failed_otp_attempts, locked_until, last_device_info, is_verified, last_login, is_deleted) VALUES (25, 'joseph.thompson@healthcare.com', '$2a$10$yaZ6GFtbrSnYlNtbVMaVA.jilyep1znuLgrF1GZl6WyoHkmJNu7ZG', 'DOCTOR', 1, '2026-02-08T20:53:34.955672', '2026-02-08T20:53:34.955672', NULL, NULL, NULL, 0, NULL, NULL, 0, NULL, 0);
INSERT OR IGNORE INTO users (id, email, password_hash, role, is_active, created_at, updated_at, phone, otp_hash, otp_expires_at, failed_otp_attempts, locked_until, last_device_info, is_verified, last_login, is_deleted) VALUES (26, 'jessica.lee@healthcare.com', '$2a$10$6PJFbJkDWQiLErDDUdollOfuvO3ts2/qshWx5.gAcWv4MX0W1t8dS', 'DOCTOR', 1, '2026-02-08T20:53:34.955672', '2026-02-08T20:53:34.955672', NULL, NULL, NULL, 0, NULL, NULL, 0, NULL, 0);
INSERT OR IGNORE INTO users (id, email, password_hash, role, is_active, created_at, updated_at, phone, otp_hash, otp_expires_at, failed_otp_attempts, locked_until, last_device_info, is_verified, last_login, is_deleted) VALUES (27, 'thomas.robinson@healthcare.com', '$2a$10$/0vfLngV/TyOhEL/2tHMWeY160FEMZFPg1YxbdYI6/m6wohJyWfq2', 'DOCTOR', 1, '2026-02-08T20:53:34.955672', '2026-02-08T20:53:34.955672', NULL, NULL, NULL, 0, NULL, NULL, 0, NULL, 0);
INSERT OR IGNORE INTO users (id, email, password_hash, role, is_active, created_at, updated_at, phone, otp_hash, otp_expires_at, failed_otp_attempts, locked_until, last_device_info, is_verified, last_login, is_deleted) VALUES (29, 'patient@test.com', '$2b$12$UtNLTKAoCrLOY/RT720TxOPFBn3tf9v8gPT8vdn9A2k6b3RasUte2', 'PATIENT', 1, '2026-02-28T01:03:53.612902', '2026-03-01T13:31:23.208038', NULL, NULL, NULL, 0, NULL, NULL, 0, '2026-03-01T02:31:23.539822+00:00', 0);
INSERT OR IGNORE INTO users (id, email, password_hash, role, is_active, created_at, updated_at, phone, otp_hash, otp_expires_at, failed_otp_attempts, locked_until, last_device_info, is_verified, last_login, is_deleted) VALUES (30, 'doctor@test.com', '$2b$12$Br2bVHX1Wv8kCFViFwRWHumQR5vOxOwQhlCYcKObPksTkvXoKT54e', 'DOCTOR', 1, '2026-03-01T14:02:34.543038', '2026-03-01T14:02:47.585715', NULL, NULL, NULL, 0, NULL, NULL, 0, '2026-03-01T03:02:47.923114+00:00', 0);
INSERT OR IGNORE INTO users (id, email, password_hash, role, is_active, created_at, updated_at, phone, otp_hash, otp_expires_at, failed_otp_attempts, locked_until, last_device_info, is_verified, last_login, is_deleted) VALUES (31, 'mazaemailghe@gmail.com', '$2b$12$HqNLbBM8NB9kXzu/h2Z9POiDWOj7Y4w8tbXgWgczA35jIOm5eb1yK', 'PATIENT', 1, '2026-03-01T14:37:53.025375', '2026-03-01T16:14:11.336947', NULL, NULL, NULL, 0, NULL, NULL, 1, '2026-03-01T05:14:11.581177+00:00', 0);
INSERT OR IGNORE INTO users (id, email, password_hash, role, is_active, created_at, updated_at, phone, otp_hash, otp_expires_at, failed_otp_attempts, locked_until, last_device_info, is_verified, last_login, is_deleted) VALUES (32, 'tejas.jrb@gmail.com', '$2b$12$8tHZ5/Nn/gsun7rYk.k2Nu3zcroky2croAqqZIRcu3g7fiULKHj9S', 'DOCTOR', 1, '2026-03-01T14:37:53.661613', '2026-03-01T16:27:12.937057', NULL, NULL, NULL, 0, NULL, NULL, 1, '2026-03-01T05:27:13.162122+00:00', 0);

-- patients (4 rows)
INSERT OR IGNORE INTO patients (id, user_id, first_name, last_name, date_of_birth, gender, phone, address, blood_group, emergency_contact, emergency_phone, created_at, updated_at, abha_id, abha_address, known_allergies, chronic_conditions, caregiver_name, caregiver_phone, alternate_phone, city, state, zip_code, country, emergency_contact_name, emergency_contact_phone, profile_picture, is_deleted) VALUES (1, 1, 'John', 'Doe', NULL, NULL, '1234567890', NULL, NULL, NULL, NULL, '2026-02-08T20:27:58.330476', '2026-02-08T20:27:58.330476', NULL, NULL, NULL, NULL, NULL, NULL, NULL, NULL, NULL, NULL, 'India', NULL, NULL, NULL, 0);
INSERT OR IGNORE INTO patients (id, user_id, first_name, last_name, date_of_birth, gender, phone, address, blood_group, emergency_contact, emergency_phone, created_at, updated_at, abha_id, abha_address, known_allergies, chronic_conditions, caregiver_name, caregiver_phone, alternate_phone, city, state, zip_code, country, emergency_contact_name, emergency_contact_phone, profile_picture, is_deleted) VALUES (2, 5, 'Patient', 'User', NULL, NULL, '555-0000', NULL, NULL, NULL, NULL, '2026-02-08T22:17:21.829897', '2026-02-08T22:17:21.829897', NULL, NULL, NULL, NULL, NULL, NULL, NULL, NULL, NULL, NULL, 'India', NULL, NULL, NULL, 0);
INSERT OR IGNORE INTO patients (id, user_id, first_name, last_name, date_of_birth, gender, phone, address, blood_group, emergency_contact, emergency_phone, created_at, updated_at, abha_id, abha_address, known_allergies, chronic_conditions, caregiver_name, caregiver_phone, alternate_phone, city, state, zip_code, country, emergency_contact_name, emergency_contact_phone, profile_picture, is_deleted) VALUES (3, 29, 'Test', 'Patient', '1990-01-01', 'male', '9876543210', '123 Test Street, Test City', NULL, NULL, NULL, '2026-02-28T20:54:28.452943', '2026-02-28T20:54:28.452943', NULL, NULL, NULL, NULL, NULL, NULL, NULL, NULL, NULL, NULL, 'India', NULL, NULL, NULL, 0);
INSERT OR IGNORE INTO patients (id, user_id, first_name, last_name, date_of_birth, gender, phone, address, blood_group, emergency_contact, emergency_phone, created_at, updated_at, abha_id, abha_address, known_allergies, chronic_conditions, caregiver_name, caregiver_phone, alternate_phone, city, state, zip_code, country, emergency_contact_name, emergency_contact_phone, profile_picture, is_deleted) VALUES (4, 31, 'Maza', 'Patient', '1990-01-01', 'male', '9876543210', '123 Patient Street', 'O+', NULL, NULL, '2026-03-01T14:37:53.025375', '2026-03-01T14:37:53.025375', NULL, NULL, NULL, NULL, NULL, NULL, NULL, 'Mumbai', 'Maharashtra', '400001', 'India', NULL, NULL, NULL, 0);

-- doctors (21 rows)
INSERT OR IGNORE INTO doctors (id, user_id, first_name, last_name, specialization, qualification, experience_years, phone, consultation_fee, available_days, available_hours, is_available, created_at, updated_at, clinic_name, clinic_address, clinic_phone, hospital_affiliation, license_number, clinic_logo, nmc_verified, nmc_verified_at, digital_signature_path, state_medical_council, hfr_id) VALUES (1, 8, 'Sarah', 'Johnson', 'Cardiology', 'MD, FACC', 15, '555-0101', '150.00', NULL, NULL, 1, '2026-02-08T20:53:34.955672', '2026-02-08T20:53:34.955672', NULL, NULL, NULL, NULL, NULL, NULL, 0, NULL, NULL, NULL, NULL);
INSERT OR IGNORE INTO doctors (id, user_id, first_name, last_name, specialization, qualification, experience_years, phone, consultation_fee, available_days, available_hours, is_available, created_at, updated_at, clinic_name, clinic_address, clinic_phone, hospital_affiliation, license_number, clinic_logo, nmc_verified, nmc_verified_at, digital_signature_path, state_medical_council, hfr_id) VALUES (2, 9, 'Michael', 'Chen', 'Neurology', 'MD, PhD', 12, '555-0102', '180.00', NULL, NULL, 1, '2026-02-08T20:53:34.955672', '2026-02-08T20:53:34.955672', NULL, NULL, NULL, NULL, NULL, NULL, 0, NULL, NULL, NULL, NULL);
INSERT OR IGNORE INTO doctors (id, user_id, first_name, last_name, specialization, qualification, experience_years, phone, consultation_fee, available_days, available_hours, is_available, created_at, updated_at, clinic_name, clinic_address, clinic_phone, hospital_affiliation, license_number, clinic_logo, nmc_verified, nmc_verified_at, digital_signature_path, state_medical_council, hfr_id) VALUES (3, 10, 'Emily', 'Williams', 'Pediatrics', 'MD, FAAP', 10, '555-0103', '120.00', NULL, NULL, 1, '2026-02-08T20:53:34.955672', '2026-02-08T20:53:34.955672', NULL, NULL, NULL, NULL, NULL, NULL, 0, NULL, NULL, NULL, NULL);
INSERT OR IGNORE INTO doctors (id, user_id, first_name, last_name, specialization, qualification, experience_years, phone, consultation_fee, available_days, available_hours, is_available, created_at, updated_at, clinic_name, clinic_address, clinic_phone, hospital_affiliation, license_number, clinic_logo, nmc_verified, nmc_verified_at, digital_signature_path, state_medical_council, hfr_id) VALUES (4, 11, 'David', 'Brown', 'Orthopedics', 'MD, FAAOS', 18, '555-0104', '160.00', NULL, NULL, 1, '2026-02-08T20:53:34.955672', '2026-02-08T20:53:34.955672', NULL, NULL, NULL, NULL, NULL, NULL, 0, NULL, NULL, NULL, NULL);
INSERT OR IGNORE INTO doctors (id, user_id, first_name, last_name, specialization, qualification, experience_years, phone, consultation_fee, available_days, available_hours, is_available, created_at, updated_at, clinic_name, clinic_address, clinic_phone, hospital_affiliation, license_number, clinic_logo, nmc_verified, nmc_verified_at, digital_signature_path, state_medical_council, hfr_id) VALUES (5, 12, 'Lisa', 'Martinez', 'Dermatology', 'MD, FAAD', 8, '555-0105', '130.00', NULL, NULL, 1, '2026-02-08T20:53:34.955672', '2026-02-08T20:53:34.955672', NULL, NULL, NULL, NULL, NULL, NULL, 0, NULL, NULL, NULL, NULL);
INSERT OR IGNORE INTO doctors (id, user_id, first_name, last_name, specialization, qualification, experience_years, phone, consultation_fee, available_days, available_hours, is_available, created_at, updated_at, clinic_name, clinic_address, clinic_phone, hospital_affiliation, license_number, clinic_logo, nmc_verified, nmc_verified_at, digital_signature_path, state_medical_council, hfr_id) VALUES (6, 13, 'James', 'Taylor', 'Psychiatry', 'MD, Board Certified', 14, '555-0106', '170.00', NULL, NULL, 1, '2026-02-08T20:53:34.955672', '2026-02-08T20:53:34.955672', NULL, NULL, NULL, NULL, NULL, NULL, 0, NULL, NULL, NULL, NULL);
INSERT OR IGNORE INTO doctors (id, user_id, first_name, last_name, specialization, qualification, experience_years, phone, consultation_fee, available_days, available_hours, is_available, created_at, updated_at, clinic_name, clinic_address, clinic_phone, hospital_affiliation, license_number, clinic_logo, nmc_verified, nmc_verified_at, digital_signature_path, state_medical_council, hfr_id) VALUES (7, 14, 'Jennifer', 'Davis', 'Obstetrics & Gynecology', 'MD, FACOG', 11, '555-0107', '140.00', NULL, NULL, 1, '2026-02-08T20:53:34.955672', '2026-02-08T20:53:34.955672', NULL, NULL, NULL, NULL, NULL, NULL, 0, NULL, NULL, NULL, NULL);
INSERT OR IGNORE INTO doctors (id, user_id, first_name, last_name, specialization, qualification, experience_years, phone, consultation_fee, available_days, available_hours, is_available, created_at, updated_at, clinic_name, clinic_address, clinic_phone, hospital_affiliation, license_number, clinic_logo, nmc_verified, nmc_verified_at, digital_signature_path, state_medical_council, hfr_id) VALUES (8, 15, 'Robert', 'Anderson', 'Oncology', 'MD, FASCO', 20, '555-0108', '200.00', NULL, NULL, 1, '2026-02-08T20:53:34.955672', '2026-02-08T20:53:34.955672', NULL, NULL, NULL, NULL, NULL, NULL, 0, NULL, NULL, NULL, NULL);
INSERT OR IGNORE INTO doctors (id, user_id, first_name, last_name, specialization, qualification, experience_years, phone, consultation_fee, available_days, available_hours, is_available, created_at, updated_at, clinic_name, clinic_address, clinic_phone, hospital_affiliation, license_number, clinic_logo, nmc_verified, nmc_verified_at, digital_signature_path, state_medical_council, hfr_id) VALUES (9, 16, 'Maria', 'Garcia', 'Endocrinology', 'MD, FACE', 9, '555-0109', '145.00', NULL, NULL, 1, '2026-02-08T20:53:34.955672', '2026-02-08T20:53:34.955672', NULL, NULL, NULL, NULL, NULL, NULL, 0, NULL, NULL, NULL, NULL);
INSERT OR IGNORE INTO doctors (id, user_id, first_name, last_name, specialization, qualification, experience_years, phone, consultation_fee, available_days, available_hours, is_available, created_at, updated_at, clinic_name, clinic_address, clinic_phone, hospital_affiliation, license_number, clinic_logo, nmc_verified, nmc_verified_at, digital_signature_path, state_medical_council, hfr_id) VALUES (10, 17, 'William', 'Miller', 'Gastroenterology', 'MD, FACG', 16, '555-0110', '155.00', NULL, NULL, 1, '2026-02-08T20:53:34.955672', '2026-02-08T20:53:34.955672', NULL, NULL, NULL, NULL, NULL, NULL, 0, NULL, NULL, NULL, NULL);
INSERT OR IGNORE INTO doctors (id, user_id, first_name, last_name, specialization, qualification, experience_years, phone, consultation_fee, available_days, available_hours, is_available, created_at, updated_at, clinic_name, clinic_address, clinic_phone, hospital_affiliation, license_number, clinic_logo, nmc_verified, nmc_verified_at, digital_signature_path, state_medical_council, hfr_id) VALUES (11, 18, 'Patricia', 'Wilson', 'Pulmonology', 'MD, FCCP', 13, '555-0111', '165.00', NULL, NULL, 1, '2026-02-08T20:53:34.955672', '2026-02-08T20:53:34.955672', NULL, NULL, NULL, NULL, NULL, NULL, 0, NULL, NULL, NULL, NULL);
INSERT OR IGNORE INTO doctors (id, user_id, first_name, last_name, specialization, qualification, experience_years, phone, consultation_fee, available_days, available_hours, is_available, created_at, updated_at, clinic_name, clinic_address, clinic_phone, hospital_affiliation, license_number, clinic_logo, nmc_verified, nmc_verified_at, digital_signature_path, state_medical_council, hfr_id) VALUES (12, 19, 'Richard', 'Moore', 'Urology', 'MD, FACS', 17, '555-0112', '150.00', NULL, NULL, 1, '2026-02-08T20:53:34.955672', '2026-02-08T20:53:34.955672', NULL, NULL, NULL, NULL, NULL, NULL, 0, NULL, NULL, NULL, NULL);
INSERT OR IGNORE INTO doctors (id, user_id, first_name, last_name, specialization, qualification, experience_years, phone, consultation_fee, available_days, available_hours, is_available, created_at, updated_at, clinic_name, clinic_address, clinic_phone, hospital_affiliation, license_number, clinic_logo, nmc_verified, nmc_verified_at, digital_signature_path, state_medical_council, hfr_id) VALUES (13, 20, 'Linda', 'Thomas', 'Ophthalmology', 'MD, FACS', 10, '555-0113', '140.00', NULL, NULL, 1, '2026-02-08T20:53:34.955672', '2026-02-08T20:53:34.955672', NULL, NULL, NULL, NULL, NULL, NULL, 0, NULL, NULL, NULL, NULL);
INSERT OR IGNORE INTO doctors (id, user_id, first_name, last_name, specialization, qualification, experience_years, phone, consultation_fee, available_days, available_hours, is_available, created_at, updated_at, clinic_name, clinic_address, clinic_phone, hospital_affiliation, license_number, clinic_logo, nmc_verified, nmc_verified_at, digital_signature_path, state_medical_council, hfr_id) VALUES (14, 21, 'Christopher', 'Jackson', 'ENT (Otolaryngology)', 'MD, FACS', 12, '555-0114', '135.00', NULL, NULL, 1, '2026-02-08T20:53:34.955672', '2026-02-08T20:53:34.955672', NULL, NULL, NULL, NULL, NULL, NULL, 0, NULL, NULL, NULL, NULL);
INSERT OR IGNORE INTO doctors (id, user_id, first_name, last_name, specialization, qualification, experience_years, phone, consultation_fee, available_days, available_hours, is_available, created_at, updated_at, clinic_name, clinic_address, clinic_phone, hospital_affiliation, license_number, clinic_logo, nmc_verified, nmc_verified_at, digital_signature_path, state_medical_council, hfr_id) VALUES (15, 22, 'Barbara', 'White', 'Rheumatology', 'MD, FACR', 14, '555-0115', '150.00', NULL, NULL, 1, '2026-02-08T20:53:34.955672', '2026-02-08T20:53:34.955672', NULL, NULL, NULL, NULL, NULL, NULL, 0, NULL, NULL, NULL, NULL);
INSERT OR IGNORE INTO doctors (id, user_id, first_name, last_name, specialization, qualification, experience_years, phone, consultation_fee, available_days, available_hours, is_available, created_at, updated_at, clinic_name, clinic_address, clinic_phone, hospital_affiliation, license_number, clinic_logo, nmc_verified, nmc_verified_at, digital_signature_path, state_medical_council, hfr_id) VALUES (16, 23, 'Daniel', 'Harris', 'Nephrology', 'MD, FASN', 11, '555-0116', '160.00', NULL, NULL, 1, '2026-02-08T20:53:34.955672', '2026-02-08T20:53:34.955672', NULL, NULL, NULL, NULL, NULL, NULL, 0, NULL, NULL, NULL, NULL);
INSERT OR IGNORE INTO doctors (id, user_id, first_name, last_name, specialization, qualification, experience_years, phone, consultation_fee, available_days, available_hours, is_available, created_at, updated_at, clinic_name, clinic_address, clinic_phone, hospital_affiliation, license_number, clinic_logo, nmc_verified, nmc_verified_at, digital_signature_path, state_medical_council, hfr_id) VALUES (17, 24, 'Susan', 'Martin', 'Hematology', 'MD, FACP', 15, '555-0117', '170.00', NULL, NULL, 1, '2026-02-08T20:53:34.955672', '2026-02-08T20:53:34.955672', NULL, NULL, NULL, NULL, NULL, NULL, 0, NULL, NULL, NULL, NULL);
INSERT OR IGNORE INTO doctors (id, user_id, first_name, last_name, specialization, qualification, experience_years, phone, consultation_fee, available_days, available_hours, is_available, created_at, updated_at, clinic_name, clinic_address, clinic_phone, hospital_affiliation, license_number, clinic_logo, nmc_verified, nmc_verified_at, digital_signature_path, state_medical_council, hfr_id) VALUES (18, 25, 'Joseph', 'Thompson', 'Infectious Disease', 'MD, FIDSA', 19, '555-0118', '175.00', NULL, NULL, 1, '2026-02-08T20:53:34.955672', '2026-02-08T20:53:34.955672', NULL, NULL, NULL, NULL, NULL, NULL, 0, NULL, NULL, NULL, NULL);
INSERT OR IGNORE INTO doctors (id, user_id, first_name, last_name, specialization, qualification, experience_years, phone, consultation_fee, available_days, available_hours, is_available, created_at, updated_at, clinic_name, clinic_address, clinic_phone, hospital_affiliation, license_number, clinic_logo, nmc_verified, nmc_verified_at, digital_signature_path, state_medical_council, hfr_id) VALUES (19, 26, 'Jessica', 'Lee', 'Allergy & Immunology', 'MD, FAAAAI', 7, '555-0119', '125.00', NULL, NULL, 1, '2026-02-08T20:53:34.955672', '2026-02-08T20:53:34.955672', NULL, NULL, NULL, NULL, NULL, NULL, 0, NULL, NULL, NULL, NULL);
INSERT OR IGNORE INTO doctors (id, user_id, first_name, last_name, specialization, qualification, experience_years, phone, consultation_fee, available_days, available_hours, is_available, created_at, updated_at, clinic_name, clinic_address, clinic_phone, hospital_affiliation, license_number, clinic_logo, nmc_verified, nmc_verified_at, digital_signature_path, state_medical_council, hfr_id) VALUES (20, 27, 'Thomas', 'Robinson', 'Emergency Medicine', 'MD, FACEP', 13, '555-0120', '190.00', NULL, NULL, 1, '2026-02-08T20:53:34.955672', '2026-02-08T20:53:34.955672', NULL, NULL, NULL, NULL, NULL, NULL, 0, NULL, NULL, NULL, NULL);
INSERT OR IGNORE INTO doctors (id, user_id, first_name, last_name, specialization, qualification, experience_years, phone, consultation_fee, available_days, available_hours, is_available, created_at, updated_at, clinic_name, clinic_address, clinic_phone, hospital_affiliation, license_number, clinic_logo, nmc_verified, nmc_verified_at, digital_signature_path, state_medical_council, hfr_id) VALUES (21, 32, 'Tejas', 'Doctor', 'General Physician', 'MBBS, MD', 10, '9876543211', '500.00', 'Monday,Tuesday,Wednesday,Thursday,Friday', '09:00-17:00', 1, '2026-03-01T14:37:53.661613', '2026-03-01T14:37:53.661613', NULL, NULL, NULL, NULL, NULL, NULL, 0, NULL, NULL, NULL, NULL);
